id,prefecture_id,code,name,yomi,jdb_code,area_type
188,1,1694,目梨郡羅臼町,メナシグンラウスチョウ,16940000000,other
189,2,2201,青森市,アオモリシ,22010000000,core_city
190,2,2202,弘前市,ヒロサキシ,22020000000,other
191,2,2203,八戸市,ハチノヘシ,22030000000,core_city
192,2,2204,黒石市,クロイシシ,22040000000,other
193,2,2205,五所川原市,ゴショガワラシ,22050000000,other
194,2,2206,十和田市,トワダシ,22060000000,other
195,2,2207,三沢市,ミサワシ,22070000000,other
196,2,2208,むつ市,ムツシ,22080000000,other
197,2,2209,つがる市,ツガルシ,22090000000,other
198,2,2210,平川市,ヒラカワシ,22100000000,other
199,2,2301,東津軽郡平内町,ヒガシツガルグンヒラナイマチ,23010000000,other
228,2,2450,三戸郡新郷村,サンノヘグンシンゴウムラ,24500000000,other
229,3,3201,盛岡市,モリオカシ,32010000000,core_city
230,3,3202,宮古市,ミヤコシ,32020000000,other
231,3,3203,大船渡市,オオフナトシ,32030000000,other
232,3,3205,花巻市,ハナマキシ,32050000000,other
233,3,3206,北上市,キタカミシ,32060000000,other
234,3,3207,久慈市,クジシ,32070000000,other
235,3,3208,遠野市,トオノシ,32080000000,other
236,3,3209,一関市,イチノセキシ,32090000000,other
237,3,3210,陸前高田市,リクゼンタカタシ,32100000000,other
238,3,3211,釜石市,カマイシシ,32110000000,other
239,3,3213,二戸市,ニノヘシ,32130000000,other
240,3,3214,八幡平市,ハチマンタイシ,32140000000,other
241,3,3215,奥州市,オウシュウシ,32150000000,other
242,3,3301,岩手郡雫石町,イワテグンシズクイシチョウ,33010000000,other
243,3,3302,岩手郡葛巻町,イワテグンクズマキマチ,33020000000,other
244,3,3303,岩手郡岩手町,イワテグンイワテマチ,33030000000,other
245,3,3305,滝沢市,タキザワシ,33050000000,other
246,3,3321,紫波郡紫波町,シワグンシワチョウ,33210000000,other
247,3,3322,紫波郡矢巾町,シワグンヤハバチョウ,33220000000,other
261,3,3524,二戸郡一戸町,ニノヘグンイチノヘマチ,35240000000,other
262,4,4101,仙台市青葉区,センダイシアオバク,41010000000,ordinance_designated_city
263,4,4102,仙台市宮城野区,センダイシミヤギノク,41020000000,ordinance_designated_city
264,4,4103,仙台市若林区,センダイシワカバヤシク,41030000000,ordinance_designated_city
265,4,4104,仙台市太白区,センダイシタイハクク,41040000000,ordinance_designated_city
266,4,4105,仙台市泉区,センダイシイズミク,41050000000,ordinance_designated_city
267,4,4202,石巻市,イシノマキシ,42020000000,other
268,4,4203,塩竈市,シオガマシ,42030000000,other
269,4,4205,気仙沼市,ケセンヌマシ,42050000000,other
270,4,4206,白石市,シロイシシ,42060000000,other
271,4,4207,名取市,ナトリシ,42070000000,other
272,4,4208,角田市,カクダシ,42080000000,other
273,4,4209,多賀城市,タガジョウシ,42090000000,other
274,4,4211,岩沼市,イワヌマシ,42110000000,other
275,4,4212,登米市,トメシ,42120000000,other
276,4,4213,栗原市,クリハラシ,42130000000,other
277,4,4214,東松島市,ヒガシマツシマシ,42140000000,other
278,4,4215,大崎市,オオサキシ,42150000000,other
279,4,4301,刈田郡蔵王町,カッタグンザオウマチ,43010000000,other
280,4,4302,刈田郡七ヶ宿町,カッタグンシチカシュクマチ,43020000000,other
300,4,4606,本吉郡南三陸町,モトヨシグンミナミサンリクチョウ,46060000000,other
301,5,5201,秋田市,アキタシ,52010000000,core_city
302,5,5202,能代市,ノシロシ,52020000000,other
303,5,5203,横手市,ヨコテシ,52030000000,other
304,5,5204,大館市,オオダテシ,52040000000,other
305,5,5206,男鹿市,オガシ,52060000000,other
306,5,5207,湯沢市,ユザワシ,52070000000,other
307,5,5209,鹿角市,カヅノシ,52090000000,other
308,5,5210,由利本荘市,ユリホンジョウシ,52100000000,other
309,5,5211,潟上市,カタガミシ,52110000000,other
310,5,5212,大仙市,ダイセンシ,52120000000,other
311,5,5213,北秋田市,キタアキタシ,52130000000,other
312,5,5214,にかほ市,ニカホシ,52140000000,other
313,5,5215,仙北市,センボクシ,52150000000,other
314,5,5303,鹿角郡小坂町,カヅノグンコサカマチ,53030000000,other
315,5,5327,北秋田郡上小阿仁村,キタアキタグンカミコアニムラ,53270000000,other
326,6,6201,山形市,ヤマガタシ,62010000000,core_city
327,6,6202,米沢市,ヨネザワシ,62020000000,other
328,6,6203,鶴岡市,ツルオカシ,62030000000,other
329,6,6204,酒田市,サカタシ,62040000000,other
330,6,6205,新庄市,シンジョウシ,62050000000,other
331,6,6206,寒河江市,サガエシ,62060000000,other
332,6,6207,上山市,カミノヤマシ,62070000000,other
333,6,6208,村山市,ムラヤマシ,62080000000,other
334,6,6209,長井市,ナガイシ,62090000000,other
335,6,6210,天童市,テンドウシ,62100000000,other
336,6,6211,東根市,ヒガシネシ,62110000000,other
337,6,6212,尾花沢市,オバナザワシ,62120000000,other
338,6,6213,南陽市,ナンヨウシ,62130000000,other
339,6,6301,東村山郡山辺町,ヒガシムラヤマグンヤマノベマチ,63010000000,other
340,6,6302,東村山郡中山町,ヒガシムラヤマグンナカヤママチ,63020000000,other
360,6,6461,飽海郡遊佐町,アクミグンユザマチ,64610000000,other
361,7,7201,福島市,フクシマシ,72010000000,core_city
362,7,7202,会津若松市,アイヅワカマツシ,72020000000,other
363,7,7203,郡山市,コオリヤマシ,72030000000,core_city
364,7,7204,いわき市,イワキシ,72040000000,core_city
365,7,7205,白河市,シラカワシ,72050000000,other
366,7,7207,須賀川市,スカガワシ,72070000000,other
367,7,7208,喜多方市,キタカタシ,72080000000,other
368,7,7209,相馬市,ソウマシ,72090000000,other
369,7,7210,二本松市,ニホンマツシ,72100000000,other
370,7,7211,田村市,タムラシ,72110000000,other
371,7,7212,南相馬市,ミナミソウマシ,72120000000,other
372,7,7213,伊達市,ダテシ,72130000000,other
373,7,7214,本宮市,モトミヤシ,72140000000,other
374,7,7301,伊達郡桑折町,ダテグンコオリマチ,73010000000,other
375,7,7303,伊達郡国見町,ダテグンクニミマチ,73030000000,other
420,8,8201,水戸市,ミトシ,82010000000,core_city
421,8,8202,日立市,ヒタチシ,82020000000,other
422,8,8203,土浦市,ツチウラシ,82030000000,other
423,8,8204,古河市,コガシ,82040000000,other
424,8,8205,石岡市,イシオカシ,82050000000,other
432,8,8216,笠間市,カサマシ,82160000000,other
433,8,8217,取手市,トリデシ,82170000000,other
434,8,8219,牛久市,ウシクシ,82190000000,other
435,8,8220,つくば市,ツクバシ,82200000000,other
436,8,8221,ひたちなか市,ヒタチナカシ,82210000000,other
437,8,8222,鹿嶋市,カシマシ,82220000000,other
438,8,8223,潮来市,イタコシ,82230000000,other
440,8,8225,常陸大宮市,ヒタチオオミヤシ,82250000000,other
441,8,8226,那珂市,ナカシ,82260000000,other
442,8,8227,筑西市,チクセイシ,82270000000,other
443,8,8228,坂東市,バンドウシ,82280000000,other
463,8,8564,北相馬郡利根町,キタソウマグントネマチ,85640000000,other
464,9,9201,宇都宮市,ウツノミヤシ,92010000000,core_city
465,9,9202,足利市,アシカガシ,92020000000,other
466,9,9203,栃木市,トチギシ,92030000000,other
467,9,9204,佐野市,サノシ,92040000000,other
474,9,9213,那須塩原市,ナスシオバラシ,92130000000,other
475,9,9214,さくら市,サクラシ,92140000000,other
476,9,9215,那須烏山市,ナスカラスヤマシ,92150000000,other
477,9,9216,下野市,シモツケシ,92160000000,other
489,9,9411,那須郡那珂川町,ナスグンナカガワマチ,94110000000,other
490,10,10201,前橋市,マエバシシ,102010000000,core_city
491,10,10202,高崎市,タカサキシ,102020000000,core_city
492,10,10203,桐生市,キリュウシ,102030000000,other
494,10,10205,太田市,オオタシ,102050000000,other
495,10,10206,沼田市,ヌマタシ,102060000000,other
496,10,10207,館林市,タテバヤシシ,102070000000,other
497,10,10208,渋川市,シブカワシ,102080000000,other
526,11,11102,さいたま市北区,サイタマシキタク,111020000000,ordinance_designated_city
527,11,11103,さいたま市大宮区,サイタマシオオミヤク,111030000000,ordinance_designated_city
528,11,11104,さいたま市見沼区,サイタマシミヌマク,111040000000,ordinance_designated_city
529,11,11105,さいたま市中央区,サイタマシチュウオウク,111050000000,ordinance_designated_city
530,11,11106,さいたま市桜区,サイタマシサクラク,111060000000,ordinance_designated_city
531,11,11107,さいたま市浦和区,サイタマシウラワク,111070000000,ordinance_designated_city
532,11,11108,さいたま市南区,サイタマシミナミク,111080000000,ordinance_designated_city
533,11,11109,さいたま市緑区,サイタマシミドリク,111090000000,ordinance_designated_city
534,11,11110,さいたま市岩槻区,サイタマシイワツキク,111100000000,ordinance_designated_city
535,11,11201,川越市,カワゴエシ,112010000000,core_city
536,11,11202,熊谷市,クマガヤシ,112020000000,other
537,11,11203,川口市,カワグチシ,112030000000,core_city
538,11,11206,行田市,ギョウダシ,112060000000,other
539,11,11207,秩父市,チチブシ,112070000000,other
540,11,11208,所沢市,トコロザワシ,112080000000,other
541,11,11209,飯能市,ハンノウシ,112090000000,other
542,11,11210,加須市,カゾシ,112100000000,other
543,11,11211,本庄市,ホンジョウシ,112110000000,other
544,11,11212,東松山市,ヒガシマツヤマシ,112120000000,other
545,11,11214,春日部市,カスカベシ,112140000000,other
546,11,11215,狭山市,サヤマシ,112150000000,other
547,11,11216,羽生市,ハニュウシ,112160000000,other
548,11,11217,鴻巣市,コウノスシ,112170000000,other
549,11,11218,深谷市,フカヤシ,112180000000,other
550,11,11219,上尾市,アゲオシ,112190000000,other
551,11,11221,草加市,ソウカシ,112210000000,other
552,11,11222,越谷市,コシガヤシ,112220000000,core_city
553,11,11223,蕨市,ワラビシ,112230000000,other
554,11,11224,戸田市,トダシ,112240000000,other
555,11,11225,入間市,イルマシ,112250000000,other
556,11,11227,朝霞市,アサカシ,112270000000,other
557,11,11228,志木市,シキシ,112280000000,other
558,11,11229,和光市,ワコウシ,112290000000,other
569,11,11241,鶴ヶ島市,ツルガシマシ,112410000000,other
570,11,11242,日高市,ヒダカシ,112420000000,other
571,11,11243,吉川市,ヨシカワシ,112430000000,other
572,11,11245,ふじみ野市,フジミノシ,112450000000,other
573,11,11246,白岡市,シラオカシ,112460000000,other
574,11,11301,北足立郡伊奈町,キタアダチグンイナマチ,113010000000,other
603,12,12106,千葉市美浜区,チバシミハマク,121060000000,ordinance_designated_city
604,12,12202,銚子市,チョウシシ,122020000000,other
605,12,12203,市川市,イチカワシ,122030000000,other
606,12,12204,船橋市,フナバシシ,122040000000,core_city
607,12,12205,館山市,タテヤマシ,122050000000,other
608,12,12206,木更津市,キサラヅシ,122060000000,other
609,12,12207,松戸市,マツドシ,122070000000,other
610,12,12208,野田市,ノダシ,122080000000,other
611,12,12210,茂原市,モバラシ,122100000000,other
612,12,12211,成田市,ナリタシ,122110000000,other
613,12,12212,佐倉市,サクラシ,122120000000,other
614,12,12213,東金市,トウガネシ,122130000000,other
615,12,12215,旭市,アサヒシ,122150000000,other
616,12,12216,習志野市,ナラシノシ,122160000000,other
617,12,12217,柏市,カシワシ,122170000000,core_city
618,12,12218,勝浦市,カツウラシ,122180000000,other
619,12,12219,市原市,イチハラシ,122190000000,other
620,12,12220,流山市,ナガレヤマシ,122200000000,other
621,12,12221,八千代市,ヤチヨシ,122210000000,other
622,12,12222,我孫子市,アビコシ,122220000000,other
623,12,12223,鴨川市,カモガワシ,122230000000,other
624,12,12224,鎌ケ谷市,カマガヤシ,122240000000,other
627,12,12227,浦安市,ウラヤスシ,122270000000,other
628,12,12228,四街道市,ヨツカイドウシ,122280000000,other
629,12,12229,袖ケ浦市,ソデガウラシ,122290000000,other
630,12,12230,八街市,ヤチマタシ,122300000000,other
659,13,13102,中央区,チュウオウク,131020000000,tokyo_23ku
660,13,13103,港区,ミナトク,131030000000,tokyo_23ku
661,13,13104,新宿区,シンジュクク,131040000000,tokyo_23ku
662,13,13105,文京区,ブンキョウク,131050000000,tokyo_23ku
663,13,13106,台東区,タイトウク,131060000000,tokyo_23ku
664,13,13107,墨田区,スミダク,131070000000,tokyo_23ku
665,13,13108,江東区,コウトウク,131080000000,tokyo_23ku
666,13,13109,品川区,シナガワク,131090000000,tokyo_23ku
667,13,13110,目黒区,メグロク,131100000000,tokyo_23ku
668,13,13111,大田区,オオタク,131110000000,tokyo_23ku
669,13,13112,世田谷区,セタガヤク,131120000000,tokyo_23ku
670,13,13113,渋谷区,シブヤク,131130000000,tokyo_23ku
671,13,13114,中野区,ナカノク,131140000000,tokyo_23ku
672,13,13115,杉並区,スギナミク,131150000000,tokyo_23ku
673,13,13116,豊島区,トシマク,131160000000,tokyo_23ku
674,13,13117,北区,キタク,131170000000,tokyo_23ku
675,13,13118,荒川区,アラカワク,131180000000,tokyo_23ku
677,13,13120,練馬区,ネリマク,131200000000,tokyo_23ku
678,13,13121,足立区,アダチク,131210000000,tokyo_23ku
679,13,13122,葛飾区,カツシカク,131220000000,tokyo_23ku
680,13,13123,江戸川区,エドガワク,131230000000,tokyo_23ku
681,13,13201,八王子市,ハチオウジシ,132010000000,core_city
682,13,13202,立川市,タチカワシ,132020000000,core_city
683,13,13203,武蔵野市,ムサシノシ,132030000000,core_city
684,13,13204,三鷹市,ミタカシ,132040000000,core_city
685,13,13205,青梅市,オウメシ,132050000000,core_city
686,13,13206,府中市,フチュウシ,132060000000,core_city
687,13,13207,昭島市,アキシマシ,132070000000,core_city
688,13,13208,調布市,チョウフシ,132080000000,core_city
689,13,13209,町田市,マチダシ,132090000000,core_city
690,13,13210,小金井市,コガネイシ,132100000000,core_city
691,13,13211,小平市,コダイラシ,132110000000,core_city
692,13,13212,日野市,ヒノシ,132120000000,core_city
693,13,13213,東村山市,ヒガシムラヤマシ,132130000000,core_city
694,13,13214,国分寺市,コクブンジシ,132140000000,core_city
695,13,13215,国立市,クニタチシ,132150000000,core_city
696,13,13218,福生市,フッサシ,132180000000,core_city
697,13,13219,狛江市,コマエシ,132190000000,core_city
698,13,13220,東大和市,ヒガシヤマトシ,132200000000,core_city
699,13,13221,清瀬市,キヨセシ,132210000000,core_city
700,13,13222,東久留米市,ヒガシクルメシ,132220000000,core_city
705,13,13228,あきる野市,アキルノシ,132280000000,core_city
706,13,13229,西東京市,ニシトウキョウシ,132290000000,core_city
707,13,13303,西多摩郡瑞穂町,ニシタマグンミズホマチ,133030000000,other
708,13,13305,西多摩郡日の出町,ニシタマグンヒノデマチ,133050000000,other
719,13,13421,小笠原村,オガサワラムラ,134210000000,other
720,14,14101,横浜市鶴見区,ヨコハマシツルミク,141010000000,ordinance_designated_city
721,14,14102,横浜市神奈川区,ヨコハマシカナガワク,141020000000,ordinance_designated_city
722,14,14103,横浜市西区,ヨコハマシニシク,141030000000,ordinance_designated_city
723,14,14104,横浜市中区,ヨコハマシナカク,141040000000,ordinance_designated_city
724,14,14105,横浜市南区,ヨコハマシミナミク,141050000000,ordinance_designated_city
725,14,14106,横浜市保土ケ谷区,ヨコハマシホドガヤク,141060000000,ordinance_designated_city
726,14,14107,横浜市磯子区,ヨコハマシイソゴク,141070000000,ordinance_designated_city
727,14,14108,横浜市金沢区,ヨコハマシカナザワク,141080000000,ordinance_designated_city
728,14,14109,横浜市港北区,ヨコハマシコウホクク,141090000000,ordinance_designated_city
729,14,14110,横浜市戸塚区,ヨコハマシトツカク,141100000000,ordinance_designated_city
730,14,14111,横浜市港南区,ヨコハマシコウナンク,141110000000,ordinance_designated_city
731,14,14112,横浜市旭区,ヨコハマシアサヒク,141120000000,ordinance_designated_city
732,14,14113,横浜市緑区,ヨコハマシミドリク,141130000000,ordinance_designated_city
733,14,14114,横浜市瀬谷区,ヨコハマシセヤク,141140000000,ordinance_designated_city
734,14,14115,横浜市栄区,ヨコハマシサカエク,141150000000,ordinance_designated_city
735,14,14116,横浜市泉区,ヨコハマシイズミク,141160000000,ordinance_designated_city
736,14,14117,横浜市青葉区,ヨコハマシアオバク,141170000000,ordinance_designated_city
743,14,14136,川崎市宮前区,カワサキシミヤマエク,141360000000,ordinance_designated_city
744,14,14137,川崎市麻生区,カワサキシアサオク,141370000000,ordinance_designated_city
745,14,14151,相模原市緑区,サガミハラシミドリク,141510000000,ordinance_designated_city
746,14,14152,相模原市中央区,サガミハラシチュウオウク,141520000000,ordinance_designated_city
747,14,14153,相模原市南区,サガミハラシミナミク,141530000000,ordinance_designated_city
748,14,14201,横須賀市,ヨコスカシ,142010000000,core_city
749,14,14203,平塚市,ヒラツカシ,142030000000,other
750,14,14204,鎌倉市,カマクラシ,142040000000,other
751,14,14205,藤沢市,フジサワシ,142050000000,other
752,14,14206,小田原市,オダワラシ,142060000000,other
753,14,14207,茅ヶ崎市,チガサキシ,142070000000,other
754,14,14208,逗子市,ズシシ,142080000000,other
756,14,14211,秦野市,ハダノシ,142110000000,other
757,14,14212,厚木市,アツギシ,142120000000,other
758,14,14213,大和市,ヤマトシ,142130000000,other
759,14,14214,伊勢原市,イセハラシ,142140000000,other
760,14,14215,海老名市,エビナシ,142150000000,other
761,14,14216,座間市,ザマシ,142160000000,other
762,14,14217,南足柄市,ミナミアシガラシ,142170000000,other
777,14,14402,愛甲郡清川村,アイコウグンキヨカワムラ,144020000000,other
778,15,15101,新潟市北区,ニイガタシキタク,151010000000,ordinance_designated_city
779,15,15102,新潟市東区,ニイガタシヒガシク,151020000000,ordinance_designated_city
780,15,15103,新潟市中央区,ニイガタシチュウオウク,151030000000,ordinance_designated_city
781,15,15104,新潟市江南区,ニイガタシコウナンク,151040000000,ordinance_designated_city
782,15,15105,新潟市秋葉区,ニイガタシアキハク,151050000000,ordinance_designated_city
783,15,15106,新潟市南区,ニイガタシミナミク,151060000000,ordinance_designated_city
784,15,15107,新潟市西区,ニイガタシニシク,151070000000,ordinance_designated_city
785,15,15108,新潟市西蒲区,ニイガタシニシカンク,151080000000,ordinance_designated_city
786,15,15202,長岡市,ナガオカシ,152020000000,other
787,15,15204,三条市,サンジョウシ,152040000000,other
788,15,15205,柏崎市,カシワザキシ,152050000000,other
794,15,15212,村上市,ムラカミシ,152120000000,other
795,15,15213,燕市,ツバメシ,152130000000,other
796,15,15216,糸魚川市,イトイガワシ,152160000000,other
797,15,15217,妙高市,ミョウコウシ,152170000000,other
802,15,15225,魚沼市,ウオヌマシ,152250000000,other
803,15,15226,南魚沼市,ミナミウオヌマシ,152260000000,other
804,15,15227,胎内市,タイナイシ,152270000000,other
805,15,15307,北蒲原郡聖籠町,キタカンバラグンセイロウマチ,153070000000,other
814,15,15586,岩船郡粟島浦村,イワフネグンアワシマウラムラ,155860000000,other
815,16,16201,富山市,トヤマシ,162010000000,core_city
816,16,16202,高岡市,タカオカシ,162020000000,other
817,16,16204,魚津市,ウオヅシ,162040000000,other
818,16,16205,氷見市,ヒミシ,162050000000,other
822,16,16209,小矢部市,オヤベシ,162090000000,other
823,16,16210,南砺市,ナントシ,162100000000,other
824,16,16211,射水市,イミズシ,162110000000,other
825,16,16321,中新川郡舟橋村,ナカニイカワグンフナハシムラ,163210000000,other
826,16,16322,中新川郡上市町,ナカニイカワグンカミイチマチ,163220000000,other
829,16,16343,下新川郡朝日町,シモニイカワグンアサヒマチ,163430000000,other
830,17,17201,金沢市,カナザワシ,172010000000,core_city
831,17,17202,七尾市,ナナオシ,172020000000,other
832,17,17203,小松市,コマツシ,172030000000,other
833,17,17204,輪島市,ワジマシ,172040000000,other
834,17,17205,珠洲市,スズシ,172050000000,other
835,17,17206,加賀市,カガシ,172060000000,other
836,17,17207,羽咋市,ハクイシ,172070000000,other
837,17,17209,かほく市,カホクシ,172090000000,other
838,17,17210,白山市,ハクサンシ,172100000000,other
848,17,17463,鳳珠郡能登町,ホウスグンノトチョウ,174630000000,other
849,18,18201,福井市,フクイシ,182010000000,core_city
850,18,18202,敦賀市,ツルガシ,182020000000,other
851,18,18204,小浜市,オバマシ,182040000000,other
893,20,20201,長野市,ナガノシ,202010000000,core_city
894,20,20202,松本市,マツモトシ,202020000000,other
895,20,20203,上田市,ウエダシ,202030000000,other
896,20,20204,岡谷市,オカヤシ,202040000000,other
897,20,20205,飯田市,イイダシ,202050000000,other
898,20,20206,諏訪市,スワシ,202060000000,other
899,20,20207,須坂市,スザカシ,202070000000,other
900,20,20208,小諸市,コモロシ,202080000000,other
901,20,20209,伊那市,イナシ,202090000000,other
902,20,20210,駒ヶ根市,コマガネシ,202100000000,other
907,20,20215,塩尻市,シオジリシ,202150000000,other
908,20,20217,佐久市,サクシ,202170000000,other
909,20,20218,千曲市,チクマシ,202180000000,other
910,20,20219,東御市,トウミシ,202190000000,other
911,20,20220,安曇野市,アヅミノシ,202200000000,other
969,20,20602,下水内郡栄村,シモミノチグンサカエムラ,206020000000,other
970,21,21201,岐阜市,ギフシ,212010000000,core_city
971,21,21202,大垣市,オオガキシ,212020000000,other
972,21,21203,高山市,タカヤマシ,212030000000,other
973,21,21204,多治見市,タジミシ,212040000000,other
974,21,21205,関市,セキシ,212050000000,other
975,21,21206,中津川市,ナカツガワシ,212060000000,other
976,21,21207,美濃市,ミノシ,212070000000,other
977,21,21208,瑞浪市,ミズナミシ,212080000000,other
978,21,21209,羽島市,ハシマシ,212090000000,other
979,21,21210,恵那市,エナシ,212100000000,other
980,21,21211,美濃加茂市,ミノカモシ,212110000000,other
981,21,21212,土岐市,トキシ,212120000000,other
982,21,21213,各務原市,カカミガハラシ,212130000000,other
983,21,21214,可児市,カニシ,212140000000,other
984,21,21215,山県市,ヤマガタシ,212150000000,other
985,21,21216,瑞穂市,ミズホシ,212160000000,other
1012,22,22101,静岡市葵区,シズオカシアオイク,221010000000,ordinance_designated_city
1013,22,22102,静岡市駿河区,シズオカシスルガク,221020000000,ordinance_designated_city
1014,22,22103,静岡市清水区,シズオカシシミズク,221030000000,ordinance_designated_city
1015,22,22131,浜松市中区,ハママツシナカク,221310000000,ordinance_designated_city
1021,22,22137,浜松市天竜区,ハママツシテンリュウク,221370000000,ordinance_designated_city
1022,22,22203,沼津市,ヌマヅシ,222030000000,other
1023,22,22205,熱海市,アタミシ,222050000000,other
1024,22,22206,三島市,ミシマシ,222060000000,other
1025,22,22207,富士宮市,フジノミヤシ,222070000000,other
1026,22,22208,伊東市,イトウシ,222080000000,other
1027,22,22209,島田市,シマダシ,222090000000,other
1028,22,22210,富士市,フジシ,222100000000,other
1054,22,22461,周智郡森町,シュウチグンモリマチ,224610000000,other
1055,23,23101,名古屋市千種区,ナゴヤシチクサク,231010000000,ordinance_designated_city
1056,23,23102,名古屋市東区,ナゴヤシヒガシク,231020000000,ordinance_designated_city
1057,23,23103,名古屋市北区,ナゴヤシキタク,231030000000,ordinance_designated_city
1058,23,23104,名古屋市西区,ナゴヤシニシク,231040000000,ordinance_designated_city
1059,23,23105,名古屋市中村区,ナゴヤシナカムラク,231050000000,ordinance_designated_city
1060,23,23106,名古屋市中区,ナゴヤシナカク,231060000000,ordinance_designated_city
1061,23,23107,名古屋市昭和区,ナゴヤシショウワク,231070000000,ordinance_designated_city
1062,23,23108,名古屋市瑞穂区,ナゴヤシミズホク,231080000000,ordinance_designated_city
1063,23,23109,名古屋市熱田区,ナゴヤシアツタク,231090000000,ordinance_designated_city
1064,23,23110,名古屋市中川区,ナゴヤシナカガワク,231100000000,ordinance_designated_city
1065,23,23111,名古屋市港区,ナゴヤシミナトク,231110000000,ordinance_designated_city
1066,23,23112,名古屋市南区,ナゴヤシミナミク,231120000000,ordinance_designated_city
1067,23,23113,名古屋市守山区,ナゴヤシモリヤマク,231130000000,ordinance_designated_city
1068,23,23114,名古屋市緑区,ナゴヤシミドリク,231140000000,ordinance_designated_city
1069,23,23115,名古屋市名東区,ナゴヤシメイトウク,231150000000,ordinance_designated_city
1070,23,23116,名古屋市天白区,ナゴヤシテンパクク,231160000000,ordinance_designated_city
1071,23,23201,豊橋市,トヨハシシ,232010000000,core_city
1072,23,23202,岡崎市,オカザキシ,232020000000,core_city
1073,23,23203,一宮市,イチノミヤシ,232030000000,other
1074,23,23204,瀬戸市,セトシ,232040000000,other
1075,23,23205,半田市,ハンダシ,232050000000,other
1076,23,23206,春日井市,カスガイシ,232060000000,other
1077,23,23207,豊川市,トヨカワシ,232070000000,other
1078,23,23208,津島市,ツシマシ,232080000000,other
1079,23,23209,碧南市,ヘキナンシ,232090000000,other
1080,23,23210,刈谷市,カリヤシ,232100000000,other
1081,23,23211,豊田市,トヨタシ,232110000000,core_city
1082,23,23212,安城市,アンジョウシ,232120000000,other
1083,23,23213,西尾市,ニシオシ,232130000000,other
1084,23,23214,蒲郡市,ガマゴオリシ,232140000000,other
1085,23,23215,犬山市,イヌヤマシ,232150000000,other
1086,23,23216,常滑市,トコナメシ,232160000000,other
1087,23,23217,江南市,コウナンシ,232170000000,other
1088,23,23219,小牧市,コマキシ,232190000000,other
1089,23,23220,稲沢市,イナザワシ,232200000000,other
1090,23,23221,新城市,シンシロシ,232210000000,other
1091,23,23222,東海市,トウカイシ,232220000000,other
1092,23,23223,大府市,オオブシ,232230000000,other
1093,23,23224,知多市,チタシ,232240000000,other
1094,23,23225,知立市,チリュウシ,232250000000,other
1095,23,23226,尾張旭市,オワリアサヒシ,232260000000,other
1096,23,23227,高浜市,タカハマシ,232270000000,other
1097,23,23228,岩倉市,イワクラシ,232280000000,other
1098,23,23229,豊明市,トヨアケシ,232290000000,other
1099,23,23230,日進市,ニッシンシ,232300000000,other
1100,23,23231,田原市,タハラシ,232310000000,other
1101,23,23232,愛西市,アイサイシ,232320000000,other
1102,23,23233,清須市,キヨスシ,232330000000,other
1103,23,23234,北名古屋市,キタナゴヤシ,232340000000,other
1104,23,23235,弥富市,ヤトミシ,232350000000,other
1105,23,23236,みよし市,ミヨシシ,232360000000,other
1106,23,23237,あま市,アマシ,232370000000,other
1107,23,23238,長久手市,ナガクテシ,232380000000,other
1108,23,23302,愛知郡東郷町,アイチグントウゴウチョウ,233020000000,other
1109,23,23342,西春日井郡豊山町,ニシカスガイグントヨヤマチョウ,233420000000,other
1127,24,24204,松阪市,マツサカシ,242040000000,other
1128,24,24205,桑名市,クワナシ,242050000000,other
1129,24,24207,鈴鹿市,スズカシ,242070000000,other
1130,24,24208,名張市,ナバリシ,242080000000,other
1131,24,24209,尾鷲市,オワセシ,242090000000,other
1152,24,24562,南牟婁郡紀宝町,ミナミムログンキホウチョウ,245620000000,other
1153,25,25201,大津市,オオツシ,252010000000,core_city
1154,25,25202,彦根市,ヒコネシ,252020000000,other
1155,25,25203,長浜市,ナガハマシ,252030000000,other
1172,26,26101,京都市北区,キョウトシキタク,261010000000,ordinance_designated_city
1173,26,26102,京都市上京区,キョウトシカミギョウク,261020000000,ordinance_designated_city
1174,26,26103,京都市左京区,キョウトシサキョウク,261030000000,ordinance_designated_city
1175,26,26104,京都市中京区,キョウトシナカギョウク,261040000000,ordinance_designated_city
1176,26,26105,京都市東山区,キョウトシヒガシヤマク,261050000000,ordinance_designated_city
1177,26,26106,京都市下京区,キョウトシシモギョウク,261060000000,ordinance_designated_city
1178,26,26107,京都市南区,キョウトシミナミク,261070000000,ordinance_designated_city
1179,26,26108,京都市右京区,キョウトシウキョウク,261080000000,ordinance_designated_city
1180,26,26109,京都市伏見区,キョウトシフシミク,261090000000,ordinance_designated_city
1181,26,26110,京都市山科区,キョウトシヤマシナク,261100000000,ordinance_designated_city
1182,26,26111,京都市西京区,キョウトシニシキョウク,261110000000,ordinance_designated_city
1183,26,26201,福知山市,フクチヤマシ,262010000000,other
1184,26,26202,舞鶴市,マイヅルシ,262020000000,other
1185,26,26203,綾部市,アヤベシ,262030000000,other
1186,26,26204,宇治市,ウジシ,262040000000,other
1187,26,26205,宮津市,ミヤヅシ,262050000000,other
1188,26,26206,亀岡市,カメオカシ,262060000000,other
1189,26,26207,城陽市,ジョウヨウシ,262070000000,other
1190,26,26208,向日市,ムコウシ,262080000000,other
1191,26,26209,長岡京市,ナガオカキョウシ,262090000000,other
1192,26,26210,八幡市,ヤワタシ,262100000000,other
1193,26,26211,京田辺市,キョウタナベシ,262110000000,other
1194,26,26212,京丹後市,キョウタンゴシ,262120000000,other
1195,26,26213,南丹市,ナンタンシ,262130000000,other
1196,26,26214,木津川市,キヅガワシ,262140000000,other
1197,26,26303,乙訓郡大山崎町,オトクニグンオオヤマザキチョウ,263030000000,other
1198,26,26322,久世郡久御山町,クセグンクミヤマチョウ,263220000000,other
1209,27,27103,大阪市福島区,オオサカシフクシマク,271030000000,ordinance_designated_city
1210,27,27104,大阪市此花区,オオサカシコノハナク,271040000000,ordinance_designated_city
1211,27,27106,大阪市西区,オオサカシニシク,271060000000,ordinance_designated_city
1212,27,27107,大阪市港区,オオサカシミナトク,271070000000,ordinance_designated_city
1213,27,27108,大阪市大正区,オオサカシタイショウク,271080000000,ordinance_designated_city
1214,27,27109,大阪市天王寺区,オオサカシテンノウジク,271090000000,ordinance_designated_city
1215,27,27111,大阪市浪速区,オオサカシナニワク,271110000000,ordinance_designated_city
1216,27,27113,大阪市西淀川区,オオサカシニシヨドガワク,271130000000,ordinance_designated_city
1217,27,27114,大阪市東淀川区,オオサカシヒガシヨドガワク,271140000000,ordinance_designated_city
1218,27,27115,大阪市東成区,オオサカシヒガシナリク,271150000000,ordinance_designated_city
1219,27,27116,大阪市生野区,オオサカシイクノク,271160000000,ordinance_designated_city
1220,27,27117,大阪市旭区,オオサカシアサヒク,271170000000,ordinance_designated_city
1221,27,27118,大阪市城東区,オオサカシジョウトウク,271180000000,ordinance_designated_city
1223,27,27120,大阪市住吉区,オオサカシスミヨシク,271200000000,ordinance_designated_city
1224,27,27121,大阪市東住吉区,オオサカシヒガシスミヨシク,271210000000,ordinance_designated_city
1225,27,27122,大阪市西成区,オオサカシニシナリク,271220000000,ordinance_designated_city
1226,27,27123,大阪市淀川区,オオサカシヨドガワク,271230000000,ordinance_designated_city
1227,27,27124,大阪市鶴見区,オオサカシツルミク,271240000000,ordinance_designated_city
1228,27,27125,大阪市住之江区,オオサカシスミノエク,271250000000,ordinance_designated_city
1229,27,27126,大阪市平野区,オオサカシヒラノク,271260000000,ordinance_designated_city
1230,27,27127,大阪市北区,オオサカシキタク,271270000000,ordinance_designated_city
1231,27,27128,大阪市中央区,オオサカシチュウオウク,271280000000,ordinance_designated_city
1232,27,27141,堺市堺区,サカイシサカイク,271410000000,ordinance_designated_city
1233,27,27142,堺市中区,サカイシナカク,271420000000,ordinance_designated_city
1234,27,27143,堺市東区,サカイシヒガシク,271430000000,ordinance_designated_city
1235,27,27144,堺市西区,サカイシニシク,271440000000,ordinance_designated_city
1236,27,27145,堺市南区,サカイシミナミク,271450000000,ordinance_designated_city
1237,27,27146,堺市北区,サカイシキタク,271460000000,ordinance_designated_city
1238,27,27147,堺市美原区,サカイシミハラク,271470000000,ordinance_designated_city
1239,27,27202,岸和田市,キシワダシ,272020000000,other
1240,27,27203,豊中市,トヨナカシ,272030000000,core_city
1241,27,27204,池田市,イケダシ,272040000000,other
1242,27,27205,吹田市,スイタシ,272050000000,core_city
1243,27,27206,泉大津市,イズミオオツシ,272060000000,other
1244,27,27207,高槻市,タカツキシ,272070000000,core_city
1245,27,27208,貝塚市,カイヅカシ,272080000000,other
1246,27,27209,守口市,モリグチシ,272090000000,other
1247,27,27210,枚方市,ヒラカタシ,272100000000,core_city
1248,27,27211,茨木市,イバラキシ,272110000000,other
1249,27,27212,八尾市,ヤオシ,272120000000,core_city
1250,27,27213,泉佐野市,イズミサノシ,272130000000,other
1251,27,27214,富田林市,トンダバヤシシ,272140000000,other
1252,27,27215,寝屋川市,ネヤガワシ,272150000000,core_city
1253,27,27216,河内長野市,カワチナガノシ,272160000000,other
1255,27,27218,大東市,ダイトウシ,272180000000,other
1256,27,27219,和泉市,イズミシ,272190000000,other
1257,27,27220,箕面市,ミノオシ,272200000000,other
1258,27,27221,柏原市,カシワラシ,272210000000,other
1259,27,27222,羽曳野市,ハビキノシ,272220000000,other
1260,27,27223,門真市,カドマシ,272230000000,other
1261,27,27224,摂津市,セッツシ,272240000000,other
1262,27,27225,高石市,タカイシシ,272250000000,other
1263,27,27226,藤井寺市,フジイデラシ,272260000000,other
1264,27,27227,東大阪市,ヒガシオオサカシ,272270000000,core_city
1265,27,27228,泉南市,センナンシ,272280000000,other
1266,27,27229,四條畷市,シジョウナワテシ,272290000000,other
1267,27,27230,交野市,カタノシ,272300000000,other
1268,27,27231,大阪狭山市,オオサカサヤマシ,272310000000,other
1269,27,27232,阪南市,ハンナンシ,272320000000,other
1270,27,27301,三島郡島本町,ミシマグンシマモトチョウ,273010000000,other
1271,27,27321,豊能郡豊能町,トヨノグントヨノチョウ,273210000000,other
1328,28,28586,美方郡新温泉町,ミカタグンシンオンセンチョウ,285860000000,other
1329,29,29201,奈良市,ナラシ,292010000000,core_city
1330,29,29202,大和高田市,ヤマトタカダシ,292020000000,other
1331,29,29203,大和郡山市,ヤマトコオリヤマシ,292030000000,other
1337,29,29209,生駒市,イコマシ,292090000000,other
1338,29,29210,香芝市,カシバシ,292100000000,other
1339,29,29211,葛城市,カツラギシ,292110000000,other
1340,29,29212,宇陀市,ウダシ,292120000000,other
1367,29,29453,吉野郡東吉野村,ヨシノグンヒガシヨシノムラ,294530000000,other
1368,30,30201,和歌山市,ワカヤマシ,302010000000,core_city
1369,30,30202,海南市,カイナンシ,302020000000,other
1370,30,30203,橋本市,ハシモトシ,302030000000,other
1397,30,30428,東牟婁郡串本町,ヒガシムログンクシモトチョウ,304280000000,other
1398,31,31201,鳥取市,トットリシ,312010000000,core_city
1399,31,31202,米子市,ヨナゴシ,312020000000,other
1400,31,31203,倉吉市,クラヨシシ,312030000000,other
1416,31,31403,日野郡江府町,ヒノグンコウフチョウ,314030000000,other
1417,32,32201,松江市,マツエシ,322010000000,core_city
1418,32,32202,浜田市,ハマダシ,322020000000,other
1419,32,32203,出雲市,イズモシ,322030000000,other
1420,32,32204,益田市,マスダシ,322040000000,other
1421,32,32205,大田市,オオダシ,322050000000,other
1422,32,32206,安来市,ヤスギシ,322060000000,other
1423,32,32207,江津市,ゴウツシ,322070000000,other
1424,32,32209,雲南市,ウンナンシ,322090000000,other
1425,32,32343,仁多郡奥出雲町,ニタグンオクイズモチョウ,323430000000,other
1426,32,32386,飯石郡飯南町,イイシグンイイナンチョウ,323860000000,other
1435,32,32528,隠岐郡隠岐の島町,オキグンオキノシマチョウ,325280000000,other
1436,33,33101,岡山市北区,オカヤマシキタク,331010000000,ordinance_designated_city
1437,33,33102,岡山市中区,オカヤマシナカク,331020000000,ordinance_designated_city
1438,33,33103,岡山市東区,オカヤマシヒガシク,331030000000,ordinance_designated_city
1466,34,34101,広島市中区,ヒロシマシナカク,341010000000,ordinance_designated_city
1467,34,34102,広島市東区,ヒロシマシヒガシク,341020000000,ordinance_designated_city
1468,34,34103,広島市南区,ヒロシマシミナミク,341030000000,ordinance_designated_city
1469,34,34104,広島市西区,ヒロシマシニシク,341040000000,ordinance_designated_city
1470,34,34105,広島市安佐南区,ヒロシマシアサミナミク,341050000000,ordinance_designated_city
1471,34,34106,広島市安佐北区,ヒロシマシアサキタク,341060000000,ordinance_designated_city
1472,34,34107,広島市安芸区,ヒロシマシアキク,341070000000,ordinance_designated_city
1473,34,34108,広島市佐伯区,ヒロシマシサエキク,341080000000,ordinance_designated_city
1474,34,34202,呉市,クレシ,342020000000,core_city
1475,34,34203,竹原市,タケハラシ,342030000000,other
1476,34,34204,三原市,ミハラシ,342040000000,other
1477,34,34205,尾道市,オノミチシ,342050000000,other
1478,34,34207,福山市,フクヤマシ,342070000000,core_city
1479,34,34208,府中市,フチュウシ,342080000000,other
1480,34,34209,三次市,ミヨシシ,342090000000,other
1485,34,34214,安芸高田市,アキタカタシ,342140000000,other
1486,34,34215,江田島市,エタジマシ,342150000000,other
1487,34,34302,安芸郡府中町,アキグンフチュウチョウ,343020000000,other
1488,34,34304,安芸郡海田町,アキグンカイタチョウ,343040000000,other
1495,34,34545,神石郡神石高原町,ジンセキグンジンセキコウゲンチョウ,345450000000,other
1496,35,35201,下関市,シモノセキシ,352010000000,core_city
1497,35,35202,宇部市,ウベシ,352020000000,other
1498,35,35203,山口市,ヤマグチシ,352030000000,other
1499,35,35204,萩市,ハギシ,352040000000,other
1500,35,35206,防府市,ホウフシ,352060000000,other
1501,35,35207,下松市,クダマツシ,352070000000,other
1502,35,35208,岩国市,イワクニシ,352080000000,other
1503,35,35210,光市,ヒカリシ,352100000000,other
1504,35,35211,長門市,ナガトシ,352110000000,other
1505,35,35212,柳井市,ヤナイシ,352120000000,other
1506,35,35213,美祢市,ミネシ,352130000000,other
1507,35,35215,周南市,シュウナンシ,352150000000,other
1508,35,35216,山陽小野田市,サンヨウオノダシ,352160000000,other
1509,35,35305,大島郡周防大島町,オオシマグンスオウオオシマチョウ,353050000000,other
1514,35,35502,阿武郡阿武町,アブグンアブチョウ,355020000000,other
1515,36,36201,徳島市,トクシマシ,362010000000,other
1516,36,36202,鳴門市,ナルトシ,362020000000,other
1517,36,36203,小松島市,コマツシマシ,362030000000,other
1518,36,36204,阿南市,アナンシ,362040000000,other
1519,36,36205,吉野川市,ヨシノガワシ,362050000000,other
1520,36,36206,阿波市,アワシ,362060000000,other
1521,36,36207,美馬市,ミマシ,362070000000,other
1522,36,36208,三好市,ミヨシシ,362080000000,other
1523,36,36301,勝浦郡勝浦町,カツウラグンカツウラチョウ,363010000000,other
1524,36,36302,勝浦郡上勝町,カツウラグンカミカツチョウ,363020000000,other
1538,36,36489,三好郡東みよし町,ミヨシグンヒガシミヨシチョウ,364890000000,other
1539,37,37201,高松市,タカマツシ,372010000000,core_city
1540,37,37202,丸亀市,マルガメシ,372020000000,other
1541,37,37203,坂出市,サカイデシ,372030000000,other
1556,38,38201,松山市,マツヤマシ,382010000000,core_city
1557,38,38202,今治市,イマバリシ,382020000000,other
1558,38,38203,宇和島市,ウワジマシ,382030000000,other
1559,38,38204,八幡浜市,ヤワタハマシ,382040000000,other
1560,38,38205,新居浜市,ニイハマシ,382050000000,other
1563,38,38210,伊予市,イヨシ,382100000000,other
1564,38,38213,四国中央市,シコクチュウオウシ,382130000000,other
1565,38,38214,西予市,セイヨシ,382140000000,other
1566,38,38215,東温市,トウオンシ,382150000000,other
1580,39,39205,土佐市,トサシ,392050000000,other
1581,39,39206,須崎市,スサキシ,392060000000,other
1582,39,39208,宿毛市,スクモシ,392080000000,other
1583,39,39209,土佐清水市,トサシミズシ,392090000000,other
1585,39,39211,香南市,コウナンシ,392110000000,other
1586,39,39212,香美市,カミシ,392120000000,other
1587,39,39301,安芸郡東洋町,アキグントウヨウチョウ,393010000000,other
1588,39,39302,安芸郡奈半利町,アキグンナハリチョウ,393020000000,other
1681,40,40647,築上郡築上町,チクジョウグンチクジョウマチ,406470000000,other
1682,41,41201,佐賀市,サガシ,412010000000,other
1683,41,41202,唐津市,カラツシ,412020000000,other
1684,41,41203,鳥栖市,トスシ,412030000000,other
1685,41,41204,多久市,タクシ,412040000000,other
1686,41,41205,伊万里市,イマリシ,412050000000,other
1687,41,41206,武雄市,タケオシ,412060000000,other
1688,41,41207,鹿島市,カシマシ,412070000000,other
1689,41,41208,小城市,オギシ,412080000000,other
1690,41,41209,嬉野市,ウレシノシ,412090000000,other
1691,41,41210,神埼市,カンザキシ,412100000000,other
1692,41,41327,神埼郡吉野ヶ里町,カンザキグンヨシノガリチョウ,413270000000,other
1693,41,41341,三養基郡基山町,ミヤキグンキヤマチョウ,413410000000,other
1701,41,41441,藤津郡太良町,フジツグンタラチョウ,414410000000,other
1702,42,42201,長崎市,ナガサキシ,422010000000,core_city
1703,42,42202,佐世保市,サセボシ,422020000000,core_city
1704,42,42203,島原市,シマバラシ,422030000000,other
1722,42,42411,南松浦郡新上五島町,ミナミマツウラグンシンカミゴトウチョウ,424110000000,other
1723,43,43101,熊本市中央区,クマモトシチュウオウク,431010000000,ordinance_designated_city
1724,43,43102,熊本市東区,クマモトシヒガシク,431020000000,ordinance_designated_city
1725,43,43103,熊本市西区,クマモトシニシク,431030000000,ordinance_designated_city
1726,43,43104,熊本市南区,クマモトシミナミク,431040000000,ordinance_designated_city
1727,43,43105,熊本市北区,クマモトシキタク,431050000000,ordinance_designated_city
1728,43,43202,八代市,ヤツシロシ,432020000000,other
1729,43,43203,人吉市,ヒトヨシシ,432030000000,other
1771,43,43531,天草郡苓北町,アマクサグンレイホクマチ,435310000000,other
1772,44,44201,大分市,オオイタシ,442010000000,core_city
1773,44,44202,別府市,ベップシ,442020000000,other
1774,44,44203,中津市,ナカツシ,442030000000,other
1775,44,44204,日田市,ヒタシ,442040000000,other
1776,44,44205,佐伯市,サイキシ,442050000000,other
1777,44,44206,臼杵市,ウスキシ,442060000000,other
1778,44,44207,津久見市,ツクミシ,442070000000,other
1779,44,44208,竹田市,タケタシ,442080000000,other
1781,44,44210,杵築市,キツキシ,442100000000,other
1782,44,44211,宇佐市,ウサシ,442110000000,other
1783,44,44212,豊後大野市,ブンゴオオノシ,442120000000,other
1784,44,44213,由布市,ユフシ,442130000000,other
1789,44,44462,玖珠郡玖珠町,クスグンクスマチ,444620000000,other
1790,45,45201,宮崎市,ミヤザキシ,452010000000,core_city
1791,45,45202,都城市,ミヤコノジョウシ,452020000000,other
1792,45,45203,延岡市,ノベオカシ,452030000000,other
1794,45,45205,小林市,コバヤシシ,452050000000,other
1795,45,45206,日向市,ヒュウガシ,452060000000,other
1796,45,45207,串間市,クシマシ,452070000000,other
1797,45,45208,西都市,サイトシ,452080000000,other
1798,45,45209,えびの市,エビノシ,452090000000,other
1799,45,45341,北諸県郡三股町,キタモロカタグンミマタチョウ,453410000000,other
1826,46,46217,曽於市,ソオシ,462170000000,other
1827,46,46218,霧島市,キリシマシ,462180000000,other
1828,46,46219,いちき串木野市,イチキクシキノシ,462190000000,other
1829,46,46220,南さつま市,ミナミサツマシ,462200000000,other
1859,47,47201,那覇市,ナハシ,472010000000,core_city
1860,47,47205,宜野湾市,ギノワンシ,472050000000,other
1861,47,47207,石垣市,イシガキシ,472070000000,other
1862,47,47208,浦添市,ウラソエシ,472080000000,other
1863,47,47209,名護市,ナゴシ,472090000000,other
1864,47,47210,糸満市,イトマンシ,472100000000,other
1865,47,47211,沖縄市,オキナワシ,472110000000,other
1866,47,47212,豊見城市,トミグスクシ,472120000000,other
1867,47,47213,うるま市,ウルマシ,472130000000,other
1897,47,47375,宮古郡多良間村,ミヤコグンタラマソン,473750000000,other
1898,47,47381,八重山郡竹富町,ヤエヤマグンタケトミチョウ,473810000000,other
1899,47,47382,八重山郡与那国町,ヤエヤマグンヨナグニチョウ,473820000000,other
1900,4,4216,富谷市,トミヤマシ,42160000000,other